image,label
data2\glass\0.jpg,glass
data2\glass\1.jpg,glass
data2\glass\10.jpg,glass
data2\glass\100.jpg,glass
data2\glass\101.jpg,glass
data2\glass\102.jpg,glass
data2\glass\103.jpg,glass
data2\glass\104.jpg,glass
data2\glass\105.jpg,glass
data2\glass\106.jpg,glass
data2\glass\107.jpg,glass
data2\glass\108.jpg,glass
data2\glass\109.jpg,glass
data2\glass\11.jpg,glass
data2\glass\110.jpg,glass
data2\glass\111.jpg,glass
data2\glass\112.jpg,glass
data2\glass\113.jpg,glass
data2\glass\114.jpg,glass
data2\glass\115.jpg,glass
data2\glass\116.jpg,glass
data2\glass\117.jpg,glass
data2\glass\118.jpg,glass
data2\glass\119.jpg,glass
data2\glass\12.jpg,glass
data2\glass\120.jpg,glass
data2\glass\121.jpg,glass
data2\glass\122.jpg,glass
data2\glass\123.jpg,glass
data2\glass\124.jpg,glass
data2\glass\125.jpg,glass
data2\glass\126.jpg,glass
data2\glass\127.jpg,glass
data2\glass\128.jpg,glass
data2\glass\129.jpg,glass
data2\glass\13.jpg,glass
data2\glass\130.jpg,glass
data2\glass\131.jpg,glass
data2\glass\132.jpg,glass
data2\glass\133.jpg,glass
data2\glass\134.jpg,glass
data2\glass\135.jpg,glass
data2\glass\136.jpg,glass
data2\glass\137.jpg,glass
data2\glass\138.jpg,glass
data2\glass\139.jpg,glass
data2\glass\14.jpg,glass
data2\glass\140.jpg,glass
data2\glass\141.jpg,glass
data2\glass\142.jpg,glass
data2\glass\143.jpg,glass
data2\glass\144.jpg,glass
data2\glass\145.jpg,glass
data2\glass\146.jpg,glass
data2\glass\147.jpg,glass
data2\glass\148.jpg,glass
data2\glass\149.jpg,glass
data2\glass\15.jpg,glass
data2\glass\150.jpg,glass
data2\glass\151.jpg,glass
data2\glass\152.jpg,glass
data2\glass\153.jpg,glass
data2\glass\154.jpg,glass
data2\glass\155.jpg,glass
data2\glass\156.jpg,glass
data2\glass\157.jpg,glass
data2\glass\158.jpg,glass
data2\glass\159.jpg,glass
data2\glass\16.jpg,glass
data2\glass\160.jpg,glass
data2\glass\161.jpg,glass
data2\glass\162.jpg,glass
data2\glass\163.jpg,glass
data2\glass\164.jpg,glass
data2\glass\165.jpg,glass
data2\glass\166.jpg,glass
data2\glass\167.jpg,glass
data2\glass\168.jpg,glass
data2\glass\169.jpg,glass
data2\glass\17.jpg,glass
data2\glass\170.jpg,glass
data2\glass\171.jpg,glass
data2\glass\172.jpg,glass
data2\glass\173.jpg,glass
data2\glass\174.jpg,glass
data2\glass\175.jpg,glass
data2\glass\176.jpg,glass
data2\glass\177.jpg,glass
data2\glass\178.jpg,glass
data2\glass\179.jpg,glass
data2\glass\18.jpg,glass
data2\glass\180.jpg,glass
data2\glass\181.jpg,glass
data2\glass\182.jpg,glass
data2\glass\183.jpg,glass
data2\glass\184.jpg,glass
data2\glass\185.jpg,glass
data2\glass\186.jpg,glass
data2\glass\187.jpg,glass
data2\glass\188.jpg,glass
data2\glass\189.jpg,glass
data2\glass\19.jpg,glass
data2\glass\190.jpg,glass
data2\glass\191.jpg,glass
data2\glass\192.jpg,glass
data2\glass\193.jpg,glass
data2\glass\194.jpg,glass
data2\glass\195.jpg,glass
data2\glass\196.jpg,glass
data2\glass\197.jpg,glass
data2\glass\198.jpg,glass
data2\glass\199.jpg,glass
data2\glass\2.jpg,glass
data2\glass\20.jpg,glass
data2\glass\200.jpg,glass
data2\glass\201.jpg,glass
data2\glass\202.jpg,glass
data2\glass\203.jpg,glass
data2\glass\204.jpg,glass
data2\glass\205.jpg,glass
data2\glass\206.jpg,glass
data2\glass\207.jpg,glass
data2\glass\208.jpg,glass
data2\glass\209.jpg,glass
data2\glass\21.jpg,glass
data2\glass\210.jpg,glass
data2\glass\211.jpg,glass
data2\glass\212.jpg,glass
data2\glass\213.jpg,glass
data2\glass\214.jpg,glass
data2\glass\215.jpg,glass
data2\glass\216.jpg,glass
data2\glass\217.jpg,glass
data2\glass\218.jpg,glass
data2\glass\219.jpg,glass
data2\glass\22.jpg,glass
data2\glass\220.jpg,glass
data2\glass\221.jpg,glass
data2\glass\222.jpg,glass
data2\glass\223.jpg,glass
data2\glass\224.jpg,glass
data2\glass\225.jpg,glass
data2\glass\226.jpg,glass
data2\glass\227.jpg,glass
data2\glass\228.jpg,glass
data2\glass\229.jpg,glass
data2\glass\23.jpg,glass
data2\glass\230.jpg,glass
data2\glass\231.jpg,glass
data2\glass\232.jpg,glass
data2\glass\233.jpg,glass
data2\glass\234.jpg,glass
data2\glass\235.jpg,glass
data2\glass\236.jpg,glass
data2\glass\237.jpg,glass
data2\glass\238.jpg,glass
data2\glass\239.jpg,glass
data2\glass\24.jpg,glass
data2\glass\240.jpg,glass
data2\glass\241.jpg,glass
data2\glass\242.jpg,glass
data2\glass\243.jpg,glass
data2\glass\244.jpg,glass
data2\glass\245.jpg,glass
data2\glass\246.jpg,glass
data2\glass\247.jpg,glass
data2\glass\248.jpg,glass
data2\glass\249.jpg,glass
data2\glass\25.jpg,glass
data2\glass\250.jpg,glass
data2\glass\251.jpg,glass
data2\glass\252.jpg,glass
data2\glass\253.jpg,glass
data2\glass\254.jpg,glass
data2\glass\255.jpg,glass
data2\glass\256.jpg,glass
data2\glass\257.jpg,glass
data2\glass\258.jpg,glass
data2\glass\259.jpg,glass
data2\glass\26.jpg,glass
data2\glass\260.jpg,glass
data2\glass\261.jpg,glass
data2\glass\262.jpg,glass
data2\glass\263.jpg,glass
data2\glass\264.jpg,glass
data2\glass\265.jpg,glass
data2\glass\266.jpg,glass
data2\glass\267.jpg,glass
data2\glass\268.jpg,glass
data2\glass\269.jpg,glass
data2\glass\27.jpg,glass
data2\glass\270.jpg,glass
data2\glass\271.jpg,glass
data2\glass\272.jpg,glass
data2\glass\273.jpg,glass
data2\glass\274.jpg,glass
data2\glass\275.jpg,glass
data2\glass\276.jpg,glass
data2\glass\277.jpg,glass
data2\glass\278.jpg,glass
data2\glass\279.jpg,glass
data2\glass\28.jpg,glass
data2\glass\280.jpg,glass
data2\glass\281.jpg,glass
data2\glass\282.jpg,glass
data2\glass\283.jpg,glass
data2\glass\284.jpg,glass
data2\glass\285.jpg,glass
data2\glass\286.jpg,glass
data2\glass\287.jpg,glass
data2\glass\288.jpg,glass
data2\glass\289.jpg,glass
data2\glass\29.jpg,glass
data2\glass\290.jpg,glass
data2\glass\291.jpg,glass
data2\glass\292.jpg,glass
data2\glass\293.jpg,glass
data2\glass\294.jpg,glass
data2\glass\295.jpg,glass
data2\glass\296.jpg,glass
data2\glass\297.jpg,glass
data2\glass\298.jpg,glass
data2\glass\299.jpg,glass
data2\glass\3.jpg,glass
data2\glass\30.jpg,glass
data2\glass\300.jpg,glass
data2\glass\301.jpg,glass
data2\glass\302.jpg,glass
data2\glass\303.jpg,glass
data2\glass\304.jpg,glass
data2\glass\305.jpg,glass
data2\glass\306.jpg,glass
data2\glass\307.jpg,glass
data2\glass\308.jpg,glass
data2\glass\309.jpg,glass
data2\glass\31.jpg,glass
data2\glass\310.jpg,glass
data2\glass\311.jpg,glass
data2\glass\312.jpg,glass
data2\glass\313.jpg,glass
data2\glass\314.jpg,glass
data2\glass\315.jpg,glass
data2\glass\316.jpg,glass
data2\glass\317.jpg,glass
data2\glass\318.jpg,glass
data2\glass\319.jpg,glass
data2\glass\32.jpg,glass
data2\glass\320.jpg,glass
data2\glass\321.jpg,glass
data2\glass\322.jpg,glass
data2\glass\323.jpg,glass
data2\glass\324.jpg,glass
data2\glass\325.jpg,glass
data2\glass\326.jpg,glass
data2\glass\327.jpg,glass
data2\glass\328.jpg,glass
data2\glass\329.jpg,glass
data2\glass\33.jpg,glass
data2\glass\330.jpg,glass
data2\glass\331.jpg,glass
data2\glass\332.jpg,glass
data2\glass\333.jpg,glass
data2\glass\334.jpg,glass
data2\glass\335.jpg,glass
data2\glass\336.jpg,glass
data2\glass\337.jpg,glass
data2\glass\338.jpg,glass
data2\glass\339.jpg,glass
data2\glass\34.jpg,glass
data2\glass\340.jpg,glass
data2\glass\341.jpg,glass
data2\glass\342.jpg,glass
data2\glass\343.jpg,glass
data2\glass\344.jpg,glass
data2\glass\345.jpg,glass
data2\glass\346.jpg,glass
data2\glass\347.jpg,glass
data2\glass\348.jpg,glass
data2\glass\349.jpg,glass
data2\glass\35.jpg,glass
data2\glass\350.jpg,glass
data2\glass\351.jpg,glass
data2\glass\352.jpg,glass
data2\glass\353.jpg,glass
data2\glass\354.jpg,glass
data2\glass\355.jpg,glass
data2\glass\356.jpg,glass
data2\glass\357.jpg,glass
data2\glass\358.jpg,glass
data2\glass\359.jpg,glass
data2\glass\36.jpg,glass
data2\glass\360.jpg,glass
data2\glass\361.jpg,glass
data2\glass\362.jpg,glass
data2\glass\363.jpg,glass
data2\glass\364.jpg,glass
data2\glass\365.jpg,glass
data2\glass\366.jpg,glass
data2\glass\367.jpg,glass
data2\glass\368.jpg,glass
data2\glass\369.jpg,glass
data2\glass\37.jpg,glass
data2\glass\370.jpg,glass
data2\glass\371.jpg,glass
data2\glass\372.jpg,glass
data2\glass\373.jpg,glass
data2\glass\374.jpg,glass
data2\glass\375.jpg,glass
data2\glass\376.jpg,glass
data2\glass\377.jpg,glass
data2\glass\378.jpg,glass
data2\glass\379.jpg,glass
data2\glass\38.jpg,glass
data2\glass\380.jpg,glass
data2\glass\381.jpg,glass
data2\glass\382.jpg,glass
data2\glass\383.jpg,glass
data2\glass\384.jpg,glass
data2\glass\385.jpg,glass
data2\glass\386.jpg,glass
data2\glass\387.jpg,glass
data2\glass\388.jpg,glass
data2\glass\389.jpg,glass
data2\glass\39.jpg,glass
data2\glass\390.jpg,glass
data2\glass\391.jpg,glass
data2\glass\392.jpg,glass
data2\glass\393.jpg,glass
data2\glass\394.jpg,glass
data2\glass\395.jpg,glass
data2\glass\396.jpg,glass
data2\glass\397.jpg,glass
data2\glass\398.jpg,glass
data2\glass\399.jpg,glass
data2\glass\4.jpg,glass
data2\glass\40.jpg,glass
data2\glass\400.jpg,glass
data2\glass\401.jpg,glass
data2\glass\402.jpg,glass
data2\glass\403.jpg,glass
data2\glass\404.jpg,glass
data2\glass\405.jpg,glass
data2\glass\406.jpg,glass
data2\glass\407.jpg,glass
data2\glass\408.jpg,glass
data2\glass\409.jpg,glass
data2\glass\41.jpg,glass
data2\glass\410.jpg,glass
data2\glass\411.jpg,glass
data2\glass\412.jpg,glass
data2\glass\413.jpg,glass
data2\glass\414.jpg,glass
data2\glass\415.jpg,glass
data2\glass\416.jpg,glass
data2\glass\417.jpg,glass
data2\glass\418.jpg,glass
data2\glass\419.jpg,glass
data2\glass\42.jpg,glass
data2\glass\420.jpg,glass
data2\glass\421.jpg,glass
data2\glass\422.jpg,glass
data2\glass\423.jpg,glass
data2\glass\424.jpg,glass
data2\glass\425.jpg,glass
data2\glass\426.jpg,glass
data2\glass\427.jpg,glass
data2\glass\428.jpg,glass
data2\glass\429.jpg,glass
data2\glass\43.jpg,glass
data2\glass\430.jpg,glass
data2\glass\431.jpg,glass
data2\glass\432.jpg,glass
data2\glass\433.jpg,glass
data2\glass\434.jpg,glass
data2\glass\435.jpg,glass
data2\glass\436.jpg,glass
data2\glass\437.jpg,glass
data2\glass\438.jpg,glass
data2\glass\439.jpg,glass
data2\glass\44.jpg,glass
data2\glass\440.jpg,glass
data2\glass\441.jpg,glass
data2\glass\442.jpg,glass
data2\glass\443.jpg,glass
data2\glass\444.jpg,glass
data2\glass\445.jpg,glass
data2\glass\446.jpg,glass
data2\glass\447.jpg,glass
data2\glass\448.jpg,glass
data2\glass\449.jpg,glass
data2\glass\45.jpg,glass
data2\glass\450.jpg,glass
data2\glass\451.jpg,glass
data2\glass\452.jpg,glass
data2\glass\453.jpg,glass
data2\glass\454.jpg,glass
data2\glass\455.jpg,glass
data2\glass\456.jpg,glass
data2\glass\457.jpg,glass
data2\glass\458.jpg,glass
data2\glass\459.jpg,glass
data2\glass\46.jpg,glass
data2\glass\460.jpg,glass
data2\glass\461.jpg,glass
data2\glass\462.jpg,glass
data2\glass\463.jpg,glass
data2\glass\464.jpg,glass
data2\glass\465.jpg,glass
data2\glass\466.jpg,glass
data2\glass\467.jpg,glass
data2\glass\468.jpg,glass
data2\glass\469.jpg,glass
data2\glass\47.jpg,glass
data2\glass\470.jpg,glass
data2\glass\471.jpg,glass
data2\glass\472.jpg,glass
data2\glass\473.jpg,glass
data2\glass\474.jpg,glass
data2\glass\475.jpg,glass
data2\glass\476.jpg,glass
data2\glass\477.jpg,glass
data2\glass\478.jpg,glass
data2\glass\479.jpg,glass
data2\glass\48.jpg,glass
data2\glass\480.jpg,glass
data2\glass\481.jpg,glass
data2\glass\482.jpg,glass
data2\glass\483.jpg,glass
data2\glass\484.jpg,glass
data2\glass\485.jpg,glass
data2\glass\486.jpg,glass
data2\glass\487.jpg,glass
data2\glass\488.jpg,glass
data2\glass\489.jpg,glass
data2\glass\49.jpg,glass
data2\glass\490.jpg,glass
data2\glass\491.jpg,glass
data2\glass\492.jpg,glass
data2\glass\493.jpg,glass
data2\glass\494.jpg,glass
data2\glass\495.jpg,glass
data2\glass\496.jpg,glass
data2\glass\497.jpg,glass
data2\glass\498.jpg,glass
data2\glass\499.jpg,glass
data2\glass\5.jpg,glass
data2\glass\50.jpg,glass
data2\glass\51.jpg,glass
data2\glass\52.jpg,glass
data2\glass\53.jpg,glass
data2\glass\54.jpg,glass
data2\glass\55.jpg,glass
data2\glass\56.jpg,glass
data2\glass\57.jpg,glass
data2\glass\58.jpg,glass
data2\glass\59.jpg,glass
data2\glass\6.jpg,glass
data2\glass\60.jpg,glass
data2\glass\61.jpg,glass
data2\glass\62.jpg,glass
data2\glass\63.jpg,glass
data2\glass\64.jpg,glass
data2\glass\65.jpg,glass
data2\glass\66.jpg,glass
data2\glass\67.jpg,glass
data2\glass\68.jpg,glass
data2\glass\69.jpg,glass
data2\glass\7.jpg,glass
data2\glass\70.jpg,glass
data2\glass\71.jpg,glass
data2\glass\72.jpg,glass
data2\glass\73.jpg,glass
data2\glass\74.jpg,glass
data2\glass\75.jpg,glass
data2\glass\76.jpg,glass
data2\glass\77.jpg,glass
data2\glass\78.jpg,glass
data2\glass\79.jpg,glass
data2\glass\8.jpg,glass
data2\glass\80.jpg,glass
data2\glass\81.jpg,glass
data2\glass\82.jpg,glass
data2\glass\83.jpg,glass
data2\glass\84.jpg,glass
data2\glass\85.jpg,glass
data2\glass\86.jpg,glass
data2\glass\87.jpg,glass
data2\glass\88.jpg,glass
data2\glass\89.jpg,glass
data2\glass\9.jpg,glass
data2\glass\90.jpg,glass
data2\glass\91.jpg,glass
data2\glass\92.jpg,glass
data2\glass\93.jpg,glass
data2\glass\94.jpg,glass
data2\glass\95.jpg,glass
data2\glass\96.jpg,glass
data2\glass\97.jpg,glass
data2\glass\98.jpg,glass
data2\glass\99.jpg,glass
data2\metal\0.jpg,metal
data2\metal\1.jpg,metal
data2\metal\10.jpg,metal
data2\metal\100.jpg,metal
data2\metal\101.jpg,metal
data2\metal\102.jpg,metal
data2\metal\103.jpg,metal
data2\metal\104.jpg,metal
data2\metal\105.jpg,metal
data2\metal\106.jpg,metal
data2\metal\107.jpg,metal
data2\metal\108.jpg,metal
data2\metal\109.jpg,metal
data2\metal\11.jpg,metal
data2\metal\110.jpg,metal
data2\metal\111.jpg,metal
data2\metal\112.jpg,metal
data2\metal\113.jpg,metal
data2\metal\114.jpg,metal
data2\metal\115.jpg,metal
data2\metal\116.jpg,metal
data2\metal\117.jpg,metal
data2\metal\118.jpg,metal
data2\metal\119.jpg,metal
data2\metal\12.jpg,metal
data2\metal\120.jpg,metal
data2\metal\121.jpg,metal
data2\metal\122.jpg,metal
data2\metal\123.jpg,metal
data2\metal\124.jpg,metal
data2\metal\125.jpg,metal
data2\metal\126.jpg,metal
data2\metal\127.jpg,metal
data2\metal\128.jpg,metal
data2\metal\129.jpg,metal
data2\metal\13.jpg,metal
data2\metal\130.jpg,metal
data2\metal\131.jpg,metal
data2\metal\132.jpg,metal
data2\metal\133.jpg,metal
data2\metal\134.jpg,metal
data2\metal\135.jpg,metal
data2\metal\136.jpg,metal
data2\metal\137.jpg,metal
data2\metal\138.jpg,metal
data2\metal\139.jpg,metal
data2\metal\14.jpg,metal
data2\metal\140.jpg,metal
data2\metal\141.jpg,metal
data2\metal\142.jpg,metal
data2\metal\143.jpg,metal
data2\metal\144.jpg,metal
data2\metal\145.jpg,metal
data2\metal\146.jpg,metal
data2\metal\147.jpg,metal
data2\metal\148.jpg,metal
data2\metal\149.jpg,metal
data2\metal\15.jpg,metal
data2\metal\150.jpg,metal
data2\metal\151.jpg,metal
data2\metal\152.jpg,metal
data2\metal\153.jpg,metal
data2\metal\154.jpg,metal
data2\metal\155.jpg,metal
data2\metal\156.jpg,metal
data2\metal\157.jpg,metal
data2\metal\158.jpg,metal
data2\metal\159.jpg,metal
data2\metal\16.jpg,metal
data2\metal\160.jpg,metal
data2\metal\161.jpg,metal
data2\metal\162.jpg,metal
data2\metal\163.jpg,metal
data2\metal\164.jpg,metal
data2\metal\165.jpg,metal
data2\metal\166.jpg,metal
data2\metal\167.jpg,metal
data2\metal\168.jpg,metal
data2\metal\169.jpg,metal
data2\metal\17.jpg,metal
data2\metal\170.jpg,metal
data2\metal\171.jpg,metal
data2\metal\172.jpg,metal
data2\metal\173.jpg,metal
data2\metal\174.jpg,metal
data2\metal\175.jpg,metal
data2\metal\176.jpg,metal
data2\metal\177.jpg,metal
data2\metal\178.jpg,metal
data2\metal\179.jpg,metal
data2\metal\18.jpg,metal
data2\metal\180.jpg,metal
data2\metal\181.jpg,metal
data2\metal\182.jpg,metal
data2\metal\183.jpg,metal
data2\metal\184.jpg,metal
data2\metal\185.jpg,metal
data2\metal\186.jpg,metal
data2\metal\187.jpg,metal
data2\metal\188.jpg,metal
data2\metal\189.jpg,metal
data2\metal\19.jpg,metal
data2\metal\190.jpg,metal
data2\metal\191.jpg,metal
data2\metal\192.jpg,metal
data2\metal\193.jpg,metal
data2\metal\194.jpg,metal
data2\metal\195.jpg,metal
data2\metal\196.jpg,metal
data2\metal\197.jpg,metal
data2\metal\198.jpg,metal
data2\metal\199.jpg,metal
data2\metal\2.jpg,metal
data2\metal\20.jpg,metal
data2\metal\200.jpg,metal
data2\metal\201.jpg,metal
data2\metal\202.jpg,metal
data2\metal\203.jpg,metal
data2\metal\204.jpg,metal
data2\metal\205.jpg,metal
data2\metal\206.jpg,metal
data2\metal\207.jpg,metal
data2\metal\208.jpg,metal
data2\metal\209.jpg,metal
data2\metal\21.jpg,metal
data2\metal\210.jpg,metal
data2\metal\211.jpg,metal
data2\metal\212.jpg,metal
data2\metal\213.jpg,metal
data2\metal\214.jpg,metal
data2\metal\215.jpg,metal
data2\metal\216.jpg,metal
data2\metal\217.jpg,metal
data2\metal\218.jpg,metal
data2\metal\219.jpg,metal
data2\metal\22.jpg,metal
data2\metal\220.jpg,metal
data2\metal\221.jpg,metal
data2\metal\222.jpg,metal
data2\metal\223.jpg,metal
data2\metal\224.jpg,metal
data2\metal\225.jpg,metal
data2\metal\226.jpg,metal
data2\metal\227.jpg,metal
data2\metal\228.jpg,metal
data2\metal\229.jpg,metal
data2\metal\23.jpg,metal
data2\metal\230.jpg,metal
data2\metal\231.jpg,metal
data2\metal\232.jpg,metal
data2\metal\233.jpg,metal
data2\metal\234.jpg,metal
data2\metal\235.jpg,metal
data2\metal\236.jpg,metal
data2\metal\237.jpg,metal
data2\metal\238.jpg,metal
data2\metal\239.jpg,metal
data2\metal\24.jpg,metal
data2\metal\240.jpg,metal
data2\metal\241.jpg,metal
data2\metal\242.jpg,metal
data2\metal\243.jpg,metal
data2\metal\244.jpg,metal
data2\metal\245.jpg,metal
data2\metal\246.jpg,metal
data2\metal\247.jpg,metal
data2\metal\248.jpg,metal
data2\metal\249.jpg,metal
data2\metal\25.jpg,metal
data2\metal\250.jpg,metal
data2\metal\251.jpg,metal
data2\metal\252.jpg,metal
data2\metal\253.jpg,metal
data2\metal\254.jpg,metal
data2\metal\255.jpg,metal
data2\metal\256.jpg,metal
data2\metal\257.jpg,metal
data2\metal\258.jpg,metal
data2\metal\259.jpg,metal
data2\metal\26.jpg,metal
data2\metal\260.jpg,metal
data2\metal\261.jpg,metal
data2\metal\262.jpg,metal
data2\metal\263.jpg,metal
data2\metal\264.jpg,metal
data2\metal\265.jpg,metal
data2\metal\266.jpg,metal
data2\metal\267.jpg,metal
data2\metal\268.jpg,metal
data2\metal\269.jpg,metal
data2\metal\27.jpg,metal
data2\metal\270.jpg,metal
data2\metal\271.jpg,metal
data2\metal\272.jpg,metal
data2\metal\273.jpg,metal
data2\metal\274.jpg,metal
data2\metal\275.jpg,metal
data2\metal\276.jpg,metal
data2\metal\277.jpg,metal
data2\metal\278.jpg,metal
data2\metal\279.jpg,metal
data2\metal\28.jpg,metal
data2\metal\280.jpg,metal
data2\metal\281.jpg,metal
data2\metal\282.jpg,metal
data2\metal\283.jpg,metal
data2\metal\284.jpg,metal
data2\metal\285.jpg,metal
data2\metal\286.jpg,metal
data2\metal\287.jpg,metal
data2\metal\288.jpg,metal
data2\metal\289.jpg,metal
data2\metal\29.jpg,metal
data2\metal\290.jpg,metal
data2\metal\291.jpg,metal
data2\metal\292.jpg,metal
data2\metal\293.jpg,metal
data2\metal\294.jpg,metal
data2\metal\295.jpg,metal
data2\metal\296.jpg,metal
data2\metal\297.jpg,metal
data2\metal\298.jpg,metal
data2\metal\299.jpg,metal
data2\metal\3.jpg,metal
data2\metal\30.jpg,metal
data2\metal\300.jpg,metal
data2\metal\301.jpg,metal
data2\metal\302.jpg,metal
data2\metal\303.jpg,metal
data2\metal\304.jpg,metal
data2\metal\305.jpg,metal
data2\metal\306.jpg,metal
data2\metal\307.jpg,metal
data2\metal\308.jpg,metal
data2\metal\309.jpg,metal
data2\metal\31.jpg,metal
data2\metal\310.jpg,metal
data2\metal\311.jpg,metal
data2\metal\312.jpg,metal
data2\metal\313.jpg,metal
data2\metal\314.jpg,metal
data2\metal\315.jpg,metal
data2\metal\316.jpg,metal
data2\metal\317.jpg,metal
data2\metal\318.jpg,metal
data2\metal\319.jpg,metal
data2\metal\32.jpg,metal
data2\metal\320.jpg,metal
data2\metal\321.jpg,metal
data2\metal\322.jpg,metal
data2\metal\323.jpg,metal
data2\metal\324.jpg,metal
data2\metal\325.jpg,metal
data2\metal\326.jpg,metal
data2\metal\327.jpg,metal
data2\metal\328.jpg,metal
data2\metal\329.jpg,metal
data2\metal\33.jpg,metal
data2\metal\330.jpg,metal
data2\metal\331.jpg,metal
data2\metal\332.jpg,metal
data2\metal\333.jpg,metal
data2\metal\334.jpg,metal
data2\metal\335.jpg,metal
data2\metal\336.jpg,metal
data2\metal\337.jpg,metal
data2\metal\338.jpg,metal
data2\metal\339.jpg,metal
data2\metal\34.jpg,metal
data2\metal\340.jpg,metal
data2\metal\341.jpg,metal
data2\metal\342.jpg,metal
data2\metal\343.jpg,metal
data2\metal\344.jpg,metal
data2\metal\345.jpg,metal
data2\metal\346.jpg,metal
data2\metal\347.jpg,metal
data2\metal\348.jpg,metal
data2\metal\349.jpg,metal
data2\metal\35.jpg,metal
data2\metal\350.jpg,metal
data2\metal\351.jpg,metal
data2\metal\352.jpg,metal
data2\metal\353.jpg,metal
data2\metal\354.jpg,metal
data2\metal\355.jpg,metal
data2\metal\356.jpg,metal
data2\metal\357.jpg,metal
data2\metal\358.jpg,metal
data2\metal\359.jpg,metal
data2\metal\36.jpg,metal
data2\metal\360.jpg,metal
data2\metal\361.jpg,metal
data2\metal\362.jpg,metal
data2\metal\363.jpg,metal
data2\metal\364.jpg,metal
data2\metal\365.jpg,metal
data2\metal\366.jpg,metal
data2\metal\367.jpg,metal
data2\metal\368.jpg,metal
data2\metal\369.jpg,metal
data2\metal\37.jpg,metal
data2\metal\370.jpg,metal
data2\metal\371.jpg,metal
data2\metal\372.jpg,metal
data2\metal\373.jpg,metal
data2\metal\374.jpg,metal
data2\metal\375.jpg,metal
data2\metal\376.jpg,metal
data2\metal\377.jpg,metal
data2\metal\378.jpg,metal
data2\metal\379.jpg,metal
data2\metal\38.jpg,metal
data2\metal\380.jpg,metal
data2\metal\381.jpg,metal
data2\metal\382.jpg,metal
data2\metal\383.jpg,metal
data2\metal\384.jpg,metal
data2\metal\385.jpg,metal
data2\metal\386.jpg,metal
data2\metal\387.jpg,metal
data2\metal\388.jpg,metal
data2\metal\389.jpg,metal
data2\metal\39.jpg,metal
data2\metal\390.jpg,metal
data2\metal\391.jpg,metal
data2\metal\392.jpg,metal
data2\metal\393.jpg,metal
data2\metal\394.jpg,metal
data2\metal\395.jpg,metal
data2\metal\396.jpg,metal
data2\metal\397.jpg,metal
data2\metal\398.jpg,metal
data2\metal\399.jpg,metal
data2\metal\4.jpg,metal
data2\metal\40.jpg,metal
data2\metal\400.jpg,metal
data2\metal\401.jpg,metal
data2\metal\402.jpg,metal
data2\metal\403.jpg,metal
data2\metal\404.jpg,metal
data2\metal\405.jpg,metal
data2\metal\406.jpg,metal
data2\metal\407.jpg,metal
data2\metal\408.jpg,metal
data2\metal\409.jpg,metal
data2\metal\41.jpg,metal
data2\metal\410.jpg,metal
data2\metal\411.jpg,metal
data2\metal\412.jpg,metal
data2\metal\413.jpg,metal
data2\metal\414.jpg,metal
data2\metal\415.jpg,metal
data2\metal\416.jpg,metal
data2\metal\417.jpg,metal
data2\metal\418.jpg,metal
data2\metal\419.jpg,metal
data2\metal\42.jpg,metal
data2\metal\420.jpg,metal
data2\metal\421.jpg,metal
data2\metal\422.jpg,metal
data2\metal\423.jpg,metal
data2\metal\424.jpg,metal
data2\metal\425.jpg,metal
data2\metal\426.jpg,metal
data2\metal\427.jpg,metal
data2\metal\428.jpg,metal
data2\metal\429.jpg,metal
data2\metal\43.jpg,metal
data2\metal\430.jpg,metal
data2\metal\431.jpg,metal
data2\metal\432.jpg,metal
data2\metal\433.jpg,metal
data2\metal\434.jpg,metal
data2\metal\435.jpg,metal
data2\metal\436.jpg,metal
data2\metal\437.jpg,metal
data2\metal\438.jpg,metal
data2\metal\439.jpg,metal
data2\metal\44.jpg,metal
data2\metal\440.jpg,metal
data2\metal\441.jpg,metal
data2\metal\442.jpg,metal
data2\metal\443.jpg,metal
data2\metal\444.jpg,metal
data2\metal\445.jpg,metal
data2\metal\446.jpg,metal
data2\metal\447.jpg,metal
data2\metal\448.jpg,metal
data2\metal\449.jpg,metal
data2\metal\45.jpg,metal
data2\metal\450.jpg,metal
data2\metal\451.jpg,metal
data2\metal\452.jpg,metal
data2\metal\453.jpg,metal
data2\metal\454.jpg,metal
data2\metal\455.jpg,metal
data2\metal\456.jpg,metal
data2\metal\457.jpg,metal
data2\metal\458.jpg,metal
data2\metal\459.jpg,metal
data2\metal\46.jpg,metal
data2\metal\460.jpg,metal
data2\metal\461.jpg,metal
data2\metal\462.jpg,metal
data2\metal\463.jpg,metal
data2\metal\464.jpg,metal
data2\metal\465.jpg,metal
data2\metal\466.jpg,metal
data2\metal\467.jpg,metal
data2\metal\468.jpg,metal
data2\metal\469.jpg,metal
data2\metal\47.jpg,metal
data2\metal\470.jpg,metal
data2\metal\471.jpg,metal
data2\metal\472.jpg,metal
data2\metal\473.jpg,metal
data2\metal\474.jpg,metal
data2\metal\475.jpg,metal
data2\metal\476.jpg,metal
data2\metal\477.jpg,metal
data2\metal\478.jpg,metal
data2\metal\479.jpg,metal
data2\metal\48.jpg,metal
data2\metal\480.jpg,metal
data2\metal\481.jpg,metal
data2\metal\482.jpg,metal
data2\metal\483.jpg,metal
data2\metal\484.jpg,metal
data2\metal\485.jpg,metal
data2\metal\486.jpg,metal
data2\metal\487.jpg,metal
data2\metal\488.jpg,metal
data2\metal\489.jpg,metal
data2\metal\49.jpg,metal
data2\metal\490.jpg,metal
data2\metal\491.jpg,metal
data2\metal\492.jpg,metal
data2\metal\493.jpg,metal
data2\metal\494.jpg,metal
data2\metal\495.jpg,metal
data2\metal\496.jpg,metal
data2\metal\497.jpg,metal
data2\metal\498.jpg,metal
data2\metal\499.jpg,metal
data2\metal\5.jpg,metal
data2\metal\50.jpg,metal
data2\metal\51.jpg,metal
data2\metal\52.jpg,metal
data2\metal\53.jpg,metal
data2\metal\54.jpg,metal
data2\metal\55.jpg,metal
data2\metal\56.jpg,metal
data2\metal\57.jpg,metal
data2\metal\58.jpg,metal
data2\metal\59.jpg,metal
data2\metal\6.jpg,metal
data2\metal\60.jpg,metal
data2\metal\61.jpg,metal
data2\metal\62.jpg,metal
data2\metal\63.jpg,metal
data2\metal\64.jpg,metal
data2\metal\65.jpg,metal
data2\metal\66.jpg,metal
data2\metal\67.jpg,metal
data2\metal\68.jpg,metal
data2\metal\69.jpg,metal
data2\metal\7.jpg,metal
data2\metal\70.jpg,metal
data2\metal\71.jpg,metal
data2\metal\72.jpg,metal
data2\metal\73.jpg,metal
data2\metal\74.jpg,metal
data2\metal\75.jpg,metal
data2\metal\76.jpg,metal
data2\metal\77.jpg,metal
data2\metal\78.jpg,metal
data2\metal\79.jpg,metal
data2\metal\8.jpg,metal
data2\metal\80.jpg,metal
data2\metal\81.jpg,metal
data2\metal\82.jpg,metal
data2\metal\83.jpg,metal
data2\metal\84.jpg,metal
data2\metal\85.jpg,metal
data2\metal\86.jpg,metal
data2\metal\87.jpg,metal
data2\metal\88.jpg,metal
data2\metal\89.jpg,metal
data2\metal\9.jpg,metal
data2\metal\90.jpg,metal
data2\metal\91.jpg,metal
data2\metal\92.jpg,metal
data2\metal\93.jpg,metal
data2\metal\94.jpg,metal
data2\metal\95.jpg,metal
data2\metal\96.jpg,metal
data2\metal\97.jpg,metal
data2\metal\98.jpg,metal
data2\metal\99.jpg,metal
data2\paper\0.jpg,paper
data2\paper\1.jpg,paper
data2\paper\10.jpg,paper
data2\paper\100.jpg,paper
data2\paper\101.jpg,paper
data2\paper\102.jpg,paper
data2\paper\103.jpg,paper
data2\paper\104.jpg,paper
data2\paper\105.jpg,paper
data2\paper\106.jpg,paper
data2\paper\107.jpg,paper
data2\paper\108.jpg,paper
data2\paper\109.jpg,paper
data2\paper\11.jpg,paper
data2\paper\110.jpg,paper
data2\paper\111.jpg,paper
data2\paper\112.jpg,paper
data2\paper\113.jpg,paper
data2\paper\114.jpg,paper
data2\paper\115.jpg,paper
data2\paper\116.jpg,paper
data2\paper\117.jpg,paper
data2\paper\118.jpg,paper
data2\paper\119.jpg,paper
data2\paper\12.jpg,paper
data2\paper\120.jpg,paper
data2\paper\121.jpg,paper
data2\paper\122.jpg,paper
data2\paper\123.jpg,paper
data2\paper\124.jpg,paper
data2\paper\125.jpg,paper
data2\paper\126.jpg,paper
data2\paper\127.jpg,paper
data2\paper\128.jpg,paper
data2\paper\129.jpg,paper
data2\paper\13.jpg,paper
data2\paper\130.jpg,paper
data2\paper\131.jpg,paper
data2\paper\132.jpg,paper
data2\paper\133.jpg,paper
data2\paper\134.jpg,paper
data2\paper\135.jpg,paper
data2\paper\136.jpg,paper
data2\paper\137.jpg,paper
data2\paper\138.jpg,paper
data2\paper\139.jpg,paper
data2\paper\14.jpg,paper
data2\paper\140.jpg,paper
data2\paper\141.jpg,paper
data2\paper\142.jpg,paper
data2\paper\143.jpg,paper
data2\paper\144.jpg,paper
data2\paper\145.jpg,paper
data2\paper\146.jpg,paper
data2\paper\147.jpg,paper
data2\paper\148.jpg,paper
data2\paper\149.jpg,paper
data2\paper\15.jpg,paper
data2\paper\150.jpg,paper
data2\paper\151.jpg,paper
data2\paper\152.jpg,paper
data2\paper\153.jpg,paper
data2\paper\154.jpg,paper
data2\paper\155.jpg,paper
data2\paper\156.jpg,paper
data2\paper\157.jpg,paper
data2\paper\158.jpg,paper
data2\paper\159.jpg,paper
data2\paper\16.jpg,paper
data2\paper\160.jpg,paper
data2\paper\161.jpg,paper
data2\paper\162.jpg,paper
data2\paper\163.jpg,paper
data2\paper\164.jpg,paper
data2\paper\165.jpg,paper
data2\paper\166.jpg,paper
data2\paper\167.jpg,paper
data2\paper\168.jpg,paper
data2\paper\169.jpg,paper
data2\paper\17.jpg,paper
data2\paper\170.jpg,paper
data2\paper\171.jpg,paper
data2\paper\172.jpg,paper
data2\paper\173.jpg,paper
data2\paper\174.jpg,paper
data2\paper\175.jpg,paper
data2\paper\176.jpg,paper
data2\paper\177.jpg,paper
data2\paper\178.jpg,paper
data2\paper\179.jpg,paper
data2\paper\18.jpg,paper
data2\paper\180.jpg,paper
data2\paper\181.jpg,paper
data2\paper\182.jpg,paper
data2\paper\183.jpg,paper
data2\paper\184.jpg,paper
data2\paper\185.jpg,paper
data2\paper\186.jpg,paper
data2\paper\187.jpg,paper
data2\paper\188.jpg,paper
data2\paper\189.jpg,paper
data2\paper\19.jpg,paper
data2\paper\190.jpg,paper
data2\paper\191.jpg,paper
data2\paper\192.jpg,paper
data2\paper\193.jpg,paper
data2\paper\194.jpg,paper
data2\paper\195.jpg,paper
data2\paper\196.jpg,paper
data2\paper\197.jpg,paper
data2\paper\198.jpg,paper
data2\paper\199.jpg,paper
data2\paper\2.jpg,paper
data2\paper\20.jpg,paper
data2\paper\200.jpg,paper
data2\paper\201.jpg,paper
data2\paper\202.jpg,paper
data2\paper\203.jpg,paper
data2\paper\204.jpg,paper
data2\paper\205.jpg,paper
data2\paper\206.jpg,paper
data2\paper\207.jpg,paper
data2\paper\208.jpg,paper
data2\paper\209.jpg,paper
data2\paper\21.jpg,paper
data2\paper\210.jpg,paper
data2\paper\211.jpg,paper
data2\paper\212.jpg,paper
data2\paper\213.jpg,paper
data2\paper\214.jpg,paper
data2\paper\215.jpg,paper
data2\paper\216.jpg,paper
data2\paper\217.jpg,paper
data2\paper\218.jpg,paper
data2\paper\219.jpg,paper
data2\paper\22.jpg,paper
data2\paper\220.jpg,paper
data2\paper\221.jpg,paper
data2\paper\222.jpg,paper
data2\paper\223.jpg,paper
data2\paper\224.jpg,paper
data2\paper\225.jpg,paper
data2\paper\226.jpg,paper
data2\paper\227.jpg,paper
data2\paper\228.jpg,paper
data2\paper\229.jpg,paper
data2\paper\23.jpg,paper
data2\paper\230.jpg,paper
data2\paper\231.jpg,paper
data2\paper\232.jpg,paper
data2\paper\233.jpg,paper
data2\paper\234.jpg,paper
data2\paper\235.jpg,paper
data2\paper\236.jpg,paper
data2\paper\237.jpg,paper
data2\paper\238.jpg,paper
data2\paper\239.jpg,paper
data2\paper\24.jpg,paper
data2\paper\240.jpg,paper
data2\paper\241.jpg,paper
data2\paper\242.jpg,paper
data2\paper\243.jpg,paper
data2\paper\244.jpg,paper
data2\paper\245.jpg,paper
data2\paper\246.jpg,paper
data2\paper\247.jpg,paper
data2\paper\248.jpg,paper
data2\paper\249.jpg,paper
data2\paper\25.jpg,paper
data2\paper\250.jpg,paper
data2\paper\251.jpg,paper
data2\paper\252.jpg,paper
data2\paper\253.jpg,paper
data2\paper\254.jpg,paper
data2\paper\255.jpg,paper
data2\paper\256.jpg,paper
data2\paper\257.jpg,paper
data2\paper\258.jpg,paper
data2\paper\259.jpg,paper
data2\paper\26.jpg,paper
data2\paper\260.jpg,paper
data2\paper\261.jpg,paper
data2\paper\262.jpg,paper
data2\paper\263.jpg,paper
data2\paper\264.jpg,paper
data2\paper\265.jpg,paper
data2\paper\266.jpg,paper
data2\paper\267.jpg,paper
data2\paper\268.jpg,paper
data2\paper\269.jpg,paper
data2\paper\27.jpg,paper
data2\paper\270.jpg,paper
data2\paper\271.jpg,paper
data2\paper\272.jpg,paper
data2\paper\273.jpg,paper
data2\paper\274.jpg,paper
data2\paper\275.jpg,paper
data2\paper\276.jpg,paper
data2\paper\277.jpg,paper
data2\paper\278.jpg,paper
data2\paper\279.jpg,paper
data2\paper\28.jpg,paper
data2\paper\280.jpg,paper
data2\paper\281.jpg,paper
data2\paper\282.jpg,paper
data2\paper\283.jpg,paper
data2\paper\284.jpg,paper
data2\paper\285.jpg,paper
data2\paper\286.jpg,paper
data2\paper\287.jpg,paper
data2\paper\288.jpg,paper
data2\paper\289.jpg,paper
data2\paper\29.jpg,paper
data2\paper\290.jpg,paper
data2\paper\291.jpg,paper
data2\paper\292.jpg,paper
data2\paper\293.jpg,paper
data2\paper\294.jpg,paper
data2\paper\295.jpg,paper
data2\paper\296.jpg,paper
data2\paper\297.jpg,paper
data2\paper\298.jpg,paper
data2\paper\299.jpg,paper
data2\paper\3.jpg,paper
data2\paper\30.jpg,paper
data2\paper\300.jpg,paper
data2\paper\301.jpg,paper
data2\paper\302.jpg,paper
data2\paper\303.jpg,paper
data2\paper\304.jpg,paper
data2\paper\305.jpg,paper
data2\paper\306.jpg,paper
data2\paper\307.jpg,paper
data2\paper\308.jpg,paper
data2\paper\309.jpg,paper
data2\paper\31.jpg,paper
data2\paper\310.jpg,paper
data2\paper\311.jpg,paper
data2\paper\312.jpg,paper
data2\paper\313.jpg,paper
data2\paper\314.jpg,paper
data2\paper\315.jpg,paper
data2\paper\316.jpg,paper
data2\paper\317.jpg,paper
data2\paper\318.jpg,paper
data2\paper\319.jpg,paper
data2\paper\32.jpg,paper
data2\paper\320.jpg,paper
data2\paper\321.jpg,paper
data2\paper\322.jpg,paper
data2\paper\323.jpg,paper
data2\paper\324.jpg,paper
data2\paper\325.jpg,paper
data2\paper\326.jpg,paper
data2\paper\327.jpg,paper
data2\paper\328.jpg,paper
data2\paper\329.jpg,paper
data2\paper\33.jpg,paper
data2\paper\330.jpg,paper
data2\paper\331.jpg,paper
data2\paper\332.jpg,paper
data2\paper\333.jpg,paper
data2\paper\334.jpg,paper
data2\paper\335.jpg,paper
data2\paper\336.jpg,paper
data2\paper\337.jpg,paper
data2\paper\338.jpg,paper
data2\paper\339.jpg,paper
data2\paper\34.jpg,paper
data2\paper\340.jpg,paper
data2\paper\341.jpg,paper
data2\paper\342.jpg,paper
data2\paper\343.jpg,paper
data2\paper\344.jpg,paper
data2\paper\345.jpg,paper
data2\paper\346.jpg,paper
data2\paper\347.jpg,paper
data2\paper\348.jpg,paper
data2\paper\349.jpg,paper
data2\paper\35.jpg,paper
data2\paper\350.jpg,paper
data2\paper\351.jpg,paper
data2\paper\352.jpg,paper
data2\paper\353.jpg,paper
data2\paper\354.jpg,paper
data2\paper\355.jpg,paper
data2\paper\356.jpg,paper
data2\paper\357.jpg,paper
data2\paper\358.jpg,paper
data2\paper\359.jpg,paper
data2\paper\36.jpg,paper
data2\paper\360.jpg,paper
data2\paper\361.jpg,paper
data2\paper\362.jpg,paper
data2\paper\363.jpg,paper
data2\paper\364.jpg,paper
data2\paper\365.jpg,paper
data2\paper\366.jpg,paper
data2\paper\367.jpg,paper
data2\paper\368.jpg,paper
data2\paper\369.jpg,paper
data2\paper\37.jpg,paper
data2\paper\370.jpg,paper
data2\paper\371.jpg,paper
data2\paper\372.jpg,paper
data2\paper\373.jpg,paper
data2\paper\374.jpg,paper
data2\paper\375.jpg,paper
data2\paper\376.jpg,paper
data2\paper\377.jpg,paper
data2\paper\378.jpg,paper
data2\paper\379.jpg,paper
data2\paper\38.jpg,paper
data2\paper\380.jpg,paper
data2\paper\381.jpg,paper
data2\paper\382.jpg,paper
data2\paper\383.jpg,paper
data2\paper\384.jpg,paper
data2\paper\385.jpg,paper
data2\paper\386.jpg,paper
data2\paper\387.jpg,paper
data2\paper\388.jpg,paper
data2\paper\389.jpg,paper
data2\paper\39.jpg,paper
data2\paper\390.jpg,paper
data2\paper\391.jpg,paper
data2\paper\392.jpg,paper
data2\paper\393.jpg,paper
data2\paper\394.jpg,paper
data2\paper\395.jpg,paper
data2\paper\396.jpg,paper
data2\paper\397.jpg,paper
data2\paper\398.jpg,paper
data2\paper\399.jpg,paper
data2\paper\4.jpg,paper
data2\paper\40.jpg,paper
data2\paper\400.jpg,paper
data2\paper\401.jpg,paper
data2\paper\402.jpg,paper
data2\paper\403.jpg,paper
data2\paper\404.jpg,paper
data2\paper\405.jpg,paper
data2\paper\406.jpg,paper
data2\paper\407.jpg,paper
data2\paper\408.jpg,paper
data2\paper\409.jpg,paper
data2\paper\41.jpg,paper
data2\paper\410.jpg,paper
data2\paper\411.jpg,paper
data2\paper\412.jpg,paper
data2\paper\413.jpg,paper
data2\paper\414.jpg,paper
data2\paper\415.jpg,paper
data2\paper\416.jpg,paper
data2\paper\417.jpg,paper
data2\paper\418.jpg,paper
data2\paper\419.jpg,paper
data2\paper\42.jpg,paper
data2\paper\420.jpg,paper
data2\paper\421.jpg,paper
data2\paper\422.jpg,paper
data2\paper\423.jpg,paper
data2\paper\424.jpg,paper
data2\paper\425.jpg,paper
data2\paper\426.jpg,paper
data2\paper\427.jpg,paper
data2\paper\428.jpg,paper
data2\paper\429.jpg,paper
data2\paper\43.jpg,paper
data2\paper\430.jpg,paper
data2\paper\431.jpg,paper
data2\paper\432.jpg,paper
data2\paper\433.jpg,paper
data2\paper\434.jpg,paper
data2\paper\435.jpg,paper
data2\paper\436.jpg,paper
data2\paper\437.jpg,paper
data2\paper\438.jpg,paper
data2\paper\439.jpg,paper
data2\paper\44.jpg,paper
data2\paper\440.jpg,paper
data2\paper\441.jpg,paper
data2\paper\442.jpg,paper
data2\paper\443.jpg,paper
data2\paper\444.jpg,paper
data2\paper\445.jpg,paper
data2\paper\446.jpg,paper
data2\paper\447.jpg,paper
data2\paper\448.jpg,paper
data2\paper\449.jpg,paper
data2\paper\45.jpg,paper
data2\paper\450.jpg,paper
data2\paper\451.jpg,paper
data2\paper\452.jpg,paper
data2\paper\453.jpg,paper
data2\paper\454.jpg,paper
data2\paper\455.jpg,paper
data2\paper\456.jpg,paper
data2\paper\457.jpg,paper
data2\paper\458.jpg,paper
data2\paper\459.jpg,paper
data2\paper\46.jpg,paper
data2\paper\460.jpg,paper
data2\paper\461.jpg,paper
data2\paper\462.jpg,paper
data2\paper\463.jpg,paper
data2\paper\464.jpg,paper
data2\paper\465.jpg,paper
data2\paper\466.jpg,paper
data2\paper\467.jpg,paper
data2\paper\468.jpg,paper
data2\paper\469.jpg,paper
data2\paper\47.jpg,paper
data2\paper\470.jpg,paper
data2\paper\471.jpg,paper
data2\paper\472.jpg,paper
data2\paper\473.jpg,paper
data2\paper\474.jpg,paper
data2\paper\475.jpg,paper
data2\paper\476.jpg,paper
data2\paper\477.jpg,paper
data2\paper\478.jpg,paper
data2\paper\479.jpg,paper
data2\paper\48.jpg,paper
data2\paper\480.jpg,paper
data2\paper\481.jpg,paper
data2\paper\482.jpg,paper
data2\paper\483.jpg,paper
data2\paper\484.jpg,paper
data2\paper\485.jpg,paper
data2\paper\486.jpg,paper
data2\paper\487.jpg,paper
data2\paper\488.jpg,paper
data2\paper\489.jpg,paper
data2\paper\49.jpg,paper
data2\paper\490.jpg,paper
data2\paper\491.jpg,paper
data2\paper\492.jpg,paper
data2\paper\493.jpg,paper
data2\paper\494.jpg,paper
data2\paper\495.jpg,paper
data2\paper\496.jpg,paper
data2\paper\497.jpg,paper
data2\paper\498.jpg,paper
data2\paper\499.jpg,paper
data2\paper\5.jpg,paper
data2\paper\50.jpg,paper
data2\paper\51.jpg,paper
data2\paper\52.jpg,paper
data2\paper\53.jpg,paper
data2\paper\54.jpg,paper
data2\paper\55.jpg,paper
data2\paper\56.jpg,paper
data2\paper\57.jpg,paper
data2\paper\58.jpg,paper
data2\paper\59.jpg,paper
data2\paper\6.jpg,paper
data2\paper\60.jpg,paper
data2\paper\61.jpg,paper
data2\paper\62.jpg,paper
data2\paper\63.jpg,paper
data2\paper\64.jpg,paper
data2\paper\65.jpg,paper
data2\paper\66.jpg,paper
data2\paper\67.jpg,paper
data2\paper\68.jpg,paper
data2\paper\69.jpg,paper
data2\paper\7.jpg,paper
data2\paper\70.jpg,paper
data2\paper\71.jpg,paper
data2\paper\72.jpg,paper
data2\paper\73.jpg,paper
data2\paper\74.jpg,paper
data2\paper\75.jpg,paper
data2\paper\76.jpg,paper
data2\paper\77.jpg,paper
data2\paper\78.jpg,paper
data2\paper\79.jpg,paper
data2\paper\8.jpg,paper
data2\paper\80.jpg,paper
data2\paper\81.jpg,paper
data2\paper\82.jpg,paper
data2\paper\83.jpg,paper
data2\paper\84.jpg,paper
data2\paper\85.jpg,paper
data2\paper\86.jpg,paper
data2\paper\87.jpg,paper
data2\paper\88.jpg,paper
data2\paper\89.jpg,paper
data2\paper\9.jpg,paper
data2\paper\90.jpg,paper
data2\paper\91.jpg,paper
data2\paper\92.jpg,paper
data2\paper\93.jpg,paper
data2\paper\94.jpg,paper
data2\paper\95.jpg,paper
data2\paper\96.jpg,paper
data2\paper\97.jpg,paper
data2\paper\98.jpg,paper
data2\paper\99.jpg,paper
data2\plastic\0.jpg,plastic
data2\plastic\1.jpg,plastic
data2\plastic\10.jpg,plastic
data2\plastic\100.jpg,plastic
data2\plastic\101.jpg,plastic
data2\plastic\102.jpg,plastic
data2\plastic\103.jpg,plastic
data2\plastic\104.jpg,plastic
data2\plastic\105.jpg,plastic
data2\plastic\106.jpg,plastic
data2\plastic\107.jpg,plastic
data2\plastic\108.jpg,plastic
data2\plastic\109.jpg,plastic
data2\plastic\11.jpg,plastic
data2\plastic\110.jpg,plastic
data2\plastic\111.jpg,plastic
data2\plastic\112.jpg,plastic
data2\plastic\113.jpg,plastic
data2\plastic\114.jpg,plastic
data2\plastic\115.jpg,plastic
data2\plastic\116.jpg,plastic
data2\plastic\117.jpg,plastic
data2\plastic\118.jpg,plastic
data2\plastic\119.jpg,plastic
data2\plastic\12.jpg,plastic
data2\plastic\120.jpg,plastic
data2\plastic\121.jpg,plastic
data2\plastic\122.jpg,plastic
data2\plastic\123.jpg,plastic
data2\plastic\124.jpg,plastic
data2\plastic\125.jpg,plastic
data2\plastic\126.jpg,plastic
data2\plastic\127.jpg,plastic
data2\plastic\128.jpg,plastic
data2\plastic\129.jpg,plastic
data2\plastic\13.jpg,plastic
data2\plastic\130.jpg,plastic
data2\plastic\131.jpg,plastic
data2\plastic\132.jpg,plastic
data2\plastic\133.jpg,plastic
data2\plastic\134.jpg,plastic
data2\plastic\135.jpg,plastic
data2\plastic\136.jpg,plastic
data2\plastic\137.jpg,plastic
data2\plastic\138.jpg,plastic
data2\plastic\139.jpg,plastic
data2\plastic\14.jpg,plastic
data2\plastic\140.jpg,plastic
data2\plastic\141.jpg,plastic
data2\plastic\142.jpg,plastic
data2\plastic\143.jpg,plastic
data2\plastic\144.jpg,plastic
data2\plastic\145.jpg,plastic
data2\plastic\146.jpg,plastic
data2\plastic\147.jpg,plastic
data2\plastic\148.jpg,plastic
data2\plastic\149.jpg,plastic
data2\plastic\15.jpg,plastic
data2\plastic\150.jpg,plastic
data2\plastic\151.jpg,plastic
data2\plastic\152.jpg,plastic
data2\plastic\153.jpg,plastic
data2\plastic\154.jpg,plastic
data2\plastic\155.jpg,plastic
data2\plastic\156.jpg,plastic
data2\plastic\157.jpg,plastic
data2\plastic\158.jpg,plastic
data2\plastic\159.jpg,plastic
data2\plastic\16.jpg,plastic
data2\plastic\160.jpg,plastic
data2\plastic\161.jpg,plastic
data2\plastic\162.jpg,plastic
data2\plastic\163.jpg,plastic
data2\plastic\164.jpg,plastic
data2\plastic\165.jpg,plastic
data2\plastic\166.jpg,plastic
data2\plastic\167.jpg,plastic
data2\plastic\168.jpg,plastic
data2\plastic\169.jpg,plastic
data2\plastic\17.jpg,plastic
data2\plastic\170.jpg,plastic
data2\plastic\171.jpg,plastic
data2\plastic\172.jpg,plastic
data2\plastic\173.jpg,plastic
data2\plastic\174.jpg,plastic
data2\plastic\175.jpg,plastic
data2\plastic\176.jpg,plastic
data2\plastic\177.jpg,plastic
data2\plastic\178.jpg,plastic
data2\plastic\179.jpg,plastic
data2\plastic\18.jpg,plastic
data2\plastic\180.jpg,plastic
data2\plastic\181.jpg,plastic
data2\plastic\182.jpg,plastic
data2\plastic\183.jpg,plastic
data2\plastic\184.jpg,plastic
data2\plastic\185.jpg,plastic
data2\plastic\186.jpg,plastic
data2\plastic\187.jpg,plastic
data2\plastic\188.jpg,plastic
data2\plastic\189.jpg,plastic
data2\plastic\19.jpg,plastic
data2\plastic\190.jpg,plastic
data2\plastic\191.jpg,plastic
data2\plastic\192.jpg,plastic
data2\plastic\193.jpg,plastic
data2\plastic\194.jpg,plastic
data2\plastic\195.jpg,plastic
data2\plastic\196.jpg,plastic
data2\plastic\197.jpg,plastic
data2\plastic\198.jpg,plastic
data2\plastic\199.jpg,plastic
data2\plastic\2.jpg,plastic
data2\plastic\20.jpg,plastic
data2\plastic\200.jpg,plastic
data2\plastic\201.jpg,plastic
data2\plastic\202.jpg,plastic
data2\plastic\203.jpg,plastic
data2\plastic\204.jpg,plastic
data2\plastic\205.jpg,plastic
data2\plastic\206.jpg,plastic
data2\plastic\207.jpg,plastic
data2\plastic\208.jpg,plastic
data2\plastic\209.jpg,plastic
data2\plastic\21.jpg,plastic
data2\plastic\210.jpg,plastic
data2\plastic\211.jpg,plastic
data2\plastic\212.jpg,plastic
data2\plastic\213.jpg,plastic
data2\plastic\214.jpg,plastic
data2\plastic\215.jpg,plastic
data2\plastic\216.jpg,plastic
data2\plastic\217.jpg,plastic
data2\plastic\218.jpg,plastic
data2\plastic\219.jpg,plastic
data2\plastic\22.jpg,plastic
data2\plastic\220.jpg,plastic
data2\plastic\221.jpg,plastic
data2\plastic\222.jpg,plastic
data2\plastic\223.jpg,plastic
data2\plastic\224.jpg,plastic
data2\plastic\225.jpg,plastic
data2\plastic\226.jpg,plastic
data2\plastic\227.jpg,plastic
data2\plastic\228.jpg,plastic
data2\plastic\229.jpg,plastic
data2\plastic\23.jpg,plastic
data2\plastic\230.jpg,plastic
data2\plastic\231.jpg,plastic
data2\plastic\232.jpg,plastic
data2\plastic\233.jpg,plastic
data2\plastic\234.jpg,plastic
data2\plastic\235.jpg,plastic
data2\plastic\236.jpg,plastic
data2\plastic\237.jpg,plastic
data2\plastic\238.jpg,plastic
data2\plastic\239.jpg,plastic
data2\plastic\24.jpg,plastic
data2\plastic\240.jpg,plastic
data2\plastic\241.jpg,plastic
data2\plastic\242.jpg,plastic
data2\plastic\243.jpg,plastic
data2\plastic\244.jpg,plastic
data2\plastic\245.jpg,plastic
data2\plastic\246.jpg,plastic
data2\plastic\247.jpg,plastic
data2\plastic\248.jpg,plastic
data2\plastic\249.jpg,plastic
data2\plastic\25.jpg,plastic
data2\plastic\250.jpg,plastic
data2\plastic\251.jpg,plastic
data2\plastic\252.jpg,plastic
data2\plastic\253.jpg,plastic
data2\plastic\254.jpg,plastic
data2\plastic\255.jpg,plastic
data2\plastic\256.jpg,plastic
data2\plastic\257.jpg,plastic
data2\plastic\258.jpg,plastic
data2\plastic\259.jpg,plastic
data2\plastic\26.jpg,plastic
data2\plastic\260.jpg,plastic
data2\plastic\261.jpg,plastic
data2\plastic\262.jpg,plastic
data2\plastic\263.jpg,plastic
data2\plastic\264.jpg,plastic
data2\plastic\265.jpg,plastic
data2\plastic\266.jpg,plastic
data2\plastic\267.jpg,plastic
data2\plastic\268.jpg,plastic
data2\plastic\269.jpg,plastic
data2\plastic\27.jpg,plastic
data2\plastic\270.jpg,plastic
data2\plastic\271.jpg,plastic
data2\plastic\272.jpg,plastic
data2\plastic\273.jpg,plastic
data2\plastic\274.jpg,plastic
data2\plastic\275.jpg,plastic
data2\plastic\276.jpg,plastic
data2\plastic\277.jpg,plastic
data2\plastic\278.jpg,plastic
data2\plastic\279.jpg,plastic
data2\plastic\28.jpg,plastic
data2\plastic\280.jpg,plastic
data2\plastic\281.jpg,plastic
data2\plastic\282.jpg,plastic
data2\plastic\283.jpg,plastic
data2\plastic\284.jpg,plastic
data2\plastic\285.jpg,plastic
data2\plastic\286.jpg,plastic
data2\plastic\287.jpg,plastic
data2\plastic\288.jpg,plastic
data2\plastic\289.jpg,plastic
data2\plastic\29.jpg,plastic
data2\plastic\290.jpg,plastic
data2\plastic\291.jpg,plastic
data2\plastic\292.jpg,plastic
data2\plastic\293.jpg,plastic
data2\plastic\294.jpg,plastic
data2\plastic\295.jpg,plastic
data2\plastic\296.jpg,plastic
data2\plastic\297.jpg,plastic
data2\plastic\298.jpg,plastic
data2\plastic\299.jpg,plastic
data2\plastic\3.jpg,plastic
data2\plastic\30.jpg,plastic
data2\plastic\300.jpg,plastic
data2\plastic\301.jpg,plastic
data2\plastic\302.jpg,plastic
data2\plastic\303.jpg,plastic
data2\plastic\304.jpg,plastic
data2\plastic\305.jpg,plastic
data2\plastic\306.jpg,plastic
data2\plastic\307.jpg,plastic
data2\plastic\308.jpg,plastic
data2\plastic\309.jpg,plastic
data2\plastic\31.jpg,plastic
data2\plastic\310.jpg,plastic
data2\plastic\311.jpg,plastic
data2\plastic\312.jpg,plastic
data2\plastic\313.jpg,plastic
data2\plastic\314.jpg,plastic
data2\plastic\315.jpg,plastic
data2\plastic\316.jpg,plastic
data2\plastic\317.jpg,plastic
data2\plastic\318.jpg,plastic
data2\plastic\319.jpg,plastic
data2\plastic\32.jpg,plastic
data2\plastic\320.jpg,plastic
data2\plastic\321.jpg,plastic
data2\plastic\322.jpg,plastic
data2\plastic\323.jpg,plastic
data2\plastic\324.jpg,plastic
data2\plastic\325.jpg,plastic
data2\plastic\326.jpg,plastic
data2\plastic\327.jpg,plastic
data2\plastic\328.jpg,plastic
data2\plastic\329.jpg,plastic
data2\plastic\33.jpg,plastic
data2\plastic\330.jpg,plastic
data2\plastic\331.jpg,plastic
data2\plastic\332.jpg,plastic
data2\plastic\333.jpg,plastic
data2\plastic\334.jpg,plastic
data2\plastic\335.jpg,plastic
data2\plastic\336.jpg,plastic
data2\plastic\337.jpg,plastic
data2\plastic\338.jpg,plastic
data2\plastic\339.jpg,plastic
data2\plastic\34.jpg,plastic
data2\plastic\340.jpg,plastic
data2\plastic\341.jpg,plastic
data2\plastic\342.jpg,plastic
data2\plastic\343.jpg,plastic
data2\plastic\344.jpg,plastic
data2\plastic\345.jpg,plastic
data2\plastic\346.jpg,plastic
data2\plastic\347.jpg,plastic
data2\plastic\348.jpg,plastic
data2\plastic\349.jpg,plastic
data2\plastic\35.jpg,plastic
data2\plastic\350.jpg,plastic
data2\plastic\351.jpg,plastic
data2\plastic\352.jpg,plastic
data2\plastic\353.jpg,plastic
data2\plastic\354.jpg,plastic
data2\plastic\355.jpg,plastic
data2\plastic\356.jpg,plastic
data2\plastic\357.jpg,plastic
data2\plastic\358.jpg,plastic
data2\plastic\359.jpg,plastic
data2\plastic\36.jpg,plastic
data2\plastic\360.jpg,plastic
data2\plastic\361.jpg,plastic
data2\plastic\362.jpg,plastic
data2\plastic\363.jpg,plastic
data2\plastic\364.jpg,plastic
data2\plastic\365.jpg,plastic
data2\plastic\366.jpg,plastic
data2\plastic\367.jpg,plastic
data2\plastic\368.jpg,plastic
data2\plastic\369.jpg,plastic
data2\plastic\37.jpg,plastic
data2\plastic\370.jpg,plastic
data2\plastic\371.jpg,plastic
data2\plastic\372.jpg,plastic
data2\plastic\373.jpg,plastic
data2\plastic\374.jpg,plastic
data2\plastic\375.jpg,plastic
data2\plastic\376.jpg,plastic
data2\plastic\377.jpg,plastic
data2\plastic\378.jpg,plastic
data2\plastic\379.jpg,plastic
data2\plastic\38.jpg,plastic
data2\plastic\380.jpg,plastic
data2\plastic\381.jpg,plastic
data2\plastic\382.jpg,plastic
data2\plastic\383.jpg,plastic
data2\plastic\384.jpg,plastic
data2\plastic\385.jpg,plastic
data2\plastic\386.jpg,plastic
data2\plastic\387.jpg,plastic
data2\plastic\388.jpg,plastic
data2\plastic\389.jpg,plastic
data2\plastic\39.jpg,plastic
data2\plastic\390.jpg,plastic
data2\plastic\391.jpg,plastic
data2\plastic\392.jpg,plastic
data2\plastic\393.jpg,plastic
data2\plastic\394.jpg,plastic
data2\plastic\395.jpg,plastic
data2\plastic\396.jpg,plastic
data2\plastic\397.jpg,plastic
data2\plastic\398.jpg,plastic
data2\plastic\399.jpg,plastic
data2\plastic\4.jpg,plastic
data2\plastic\40.jpg,plastic
data2\plastic\400.jpg,plastic
data2\plastic\401.jpg,plastic
data2\plastic\402.jpg,plastic
data2\plastic\403.jpg,plastic
data2\plastic\404.jpg,plastic
data2\plastic\405.jpg,plastic
data2\plastic\406.jpg,plastic
data2\plastic\407.jpg,plastic
data2\plastic\408.jpg,plastic
data2\plastic\409.jpg,plastic
data2\plastic\41.jpg,plastic
data2\plastic\410.jpg,plastic
data2\plastic\411.jpg,plastic
data2\plastic\412.jpg,plastic
data2\plastic\413.jpg,plastic
data2\plastic\414.jpg,plastic
data2\plastic\415.jpg,plastic
data2\plastic\416.jpg,plastic
data2\plastic\417.jpg,plastic
data2\plastic\418.jpg,plastic
data2\plastic\419.jpg,plastic
data2\plastic\42.jpg,plastic
data2\plastic\420.jpg,plastic
data2\plastic\421.jpg,plastic
data2\plastic\422.jpg,plastic
data2\plastic\423.jpg,plastic
data2\plastic\424.jpg,plastic
data2\plastic\425.jpg,plastic
data2\plastic\426.jpg,plastic
data2\plastic\427.jpg,plastic
data2\plastic\428.jpg,plastic
data2\plastic\429.jpg,plastic
data2\plastic\43.jpg,plastic
data2\plastic\430.jpg,plastic
data2\plastic\431.jpg,plastic
data2\plastic\432.jpg,plastic
data2\plastic\433.jpg,plastic
data2\plastic\434.jpg,plastic
data2\plastic\435.jpg,plastic
data2\plastic\436.jpg,plastic
data2\plastic\437.jpg,plastic
data2\plastic\438.jpg,plastic
data2\plastic\439.jpg,plastic
data2\plastic\44.jpg,plastic
data2\plastic\440.jpg,plastic
data2\plastic\441.jpg,plastic
data2\plastic\442.jpg,plastic
data2\plastic\443.jpg,plastic
data2\plastic\444.jpg,plastic
data2\plastic\445.jpg,plastic
data2\plastic\446.jpg,plastic
data2\plastic\447.jpg,plastic
data2\plastic\448.jpg,plastic
data2\plastic\449.jpg,plastic
data2\plastic\45.jpg,plastic
data2\plastic\450.jpg,plastic
data2\plastic\451.jpg,plastic
data2\plastic\452.jpg,plastic
data2\plastic\453.jpg,plastic
data2\plastic\454.jpg,plastic
data2\plastic\455.jpg,plastic
data2\plastic\456.jpg,plastic
data2\plastic\457.jpg,plastic
data2\plastic\458.jpg,plastic
data2\plastic\459.jpg,plastic
data2\plastic\46.jpg,plastic
data2\plastic\460.jpg,plastic
data2\plastic\461.jpg,plastic
data2\plastic\462.jpg,plastic
data2\plastic\463.jpg,plastic
data2\plastic\464.jpg,plastic
data2\plastic\465.jpg,plastic
data2\plastic\466.jpg,plastic
data2\plastic\467.jpg,plastic
data2\plastic\468.jpg,plastic
data2\plastic\469.jpg,plastic
data2\plastic\47.jpg,plastic
data2\plastic\470.jpg,plastic
data2\plastic\471.jpg,plastic
data2\plastic\472.jpg,plastic
data2\plastic\473.jpg,plastic
data2\plastic\474.jpg,plastic
data2\plastic\475.jpg,plastic
data2\plastic\476.jpg,plastic
data2\plastic\477.jpg,plastic
data2\plastic\478.jpg,plastic
data2\plastic\479.jpg,plastic
data2\plastic\48.jpg,plastic
data2\plastic\480.jpg,plastic
data2\plastic\481.jpg,plastic
data2\plastic\482.jpg,plastic
data2\plastic\483.jpg,plastic
data2\plastic\484.jpg,plastic
data2\plastic\485.jpg,plastic
data2\plastic\486.jpg,plastic
data2\plastic\487.jpg,plastic
data2\plastic\488.jpg,plastic
data2\plastic\489.jpg,plastic
data2\plastic\49.jpg,plastic
data2\plastic\490.jpg,plastic
data2\plastic\491.jpg,plastic
data2\plastic\492.jpg,plastic
data2\plastic\493.jpg,plastic
data2\plastic\494.jpg,plastic
data2\plastic\495.jpg,plastic
data2\plastic\496.jpg,plastic
data2\plastic\497.jpg,plastic
data2\plastic\498.jpg,plastic
data2\plastic\499.jpg,plastic
data2\plastic\5.jpg,plastic
data2\plastic\50.jpg,plastic
data2\plastic\51.jpg,plastic
data2\plastic\52.jpg,plastic
data2\plastic\53.jpg,plastic
data2\plastic\54.jpg,plastic
data2\plastic\55.jpg,plastic
data2\plastic\56.jpg,plastic
data2\plastic\57.jpg,plastic
data2\plastic\58.jpg,plastic
data2\plastic\59.jpg,plastic
data2\plastic\6.jpg,plastic
data2\plastic\60.jpg,plastic
data2\plastic\61.jpg,plastic
data2\plastic\62.jpg,plastic
data2\plastic\63.jpg,plastic
data2\plastic\64.jpg,plastic
data2\plastic\65.jpg,plastic
data2\plastic\66.jpg,plastic
data2\plastic\67.jpg,plastic
data2\plastic\68.jpg,plastic
data2\plastic\69.jpg,plastic
data2\plastic\7.jpg,plastic
data2\plastic\70.jpg,plastic
data2\plastic\71.jpg,plastic
data2\plastic\72.jpg,plastic
data2\plastic\73.jpg,plastic
data2\plastic\74.jpg,plastic
data2\plastic\75.jpg,plastic
data2\plastic\76.jpg,plastic
data2\plastic\77.jpg,plastic
data2\plastic\78.jpg,plastic
data2\plastic\79.jpg,plastic
data2\plastic\8.jpg,plastic
data2\plastic\80.jpg,plastic
data2\plastic\81.jpg,plastic
data2\plastic\82.jpg,plastic
data2\plastic\83.jpg,plastic
data2\plastic\84.jpg,plastic
data2\plastic\85.jpg,plastic
data2\plastic\86.jpg,plastic
data2\plastic\87.jpg,plastic
data2\plastic\88.jpg,plastic
data2\plastic\89.jpg,plastic
data2\plastic\9.jpg,plastic
data2\plastic\90.jpg,plastic
data2\plastic\91.jpg,plastic
data2\plastic\92.jpg,plastic
data2\plastic\93.jpg,plastic
data2\plastic\94.jpg,plastic
data2\plastic\95.jpg,plastic
data2\plastic\96.jpg,plastic
data2\plastic\97.jpg,plastic
data2\plastic\98.jpg,plastic
data2\plastic\99.jpg,plastic
